"lambda","Cabs","Csca","g"
2e-07,8.10280107953511e-11,1.90555091638163e-08,0.836838395910265
2.2e-07,4.5193292205545e-11,1.90913400271177e-08,0.843419525002189
2.4e-07,2.87317426369302e-11,1.91078092130155e-08,0.84816068095377
2.6e-07,2.02032946922758e-11,1.91163457333914e-08,0.851690350267795
2.8e-07,1.53572828532348e-11,1.91211928760695e-08,0.854400252476031
3e-07,1.24120128980944e-11,1.91241059753775e-08,0.856506734453921
3.2e-07,1.05320785632564e-11,1.91259521169615e-08,0.858178893715511
3.4e-07,9.29308684416941e-12,1.91272920584478e-08,0.859531087442122
3.6e-07,8.47652713975076e-12,1.91281365606207e-08,0.860692630685167
3.8e-07,7.93358461413401e-12,1.91285769782591e-08,0.861664345940666
4e-07,7.58351118425832e-12,1.91290199582083e-08,0.862482191250992
4.2e-07,7.37638537854428e-12,1.91291826959837e-08,0.863177384756189
4.4e-07,7.27970633221763e-12,1.91292695880125e-08,0.863773997798439
4.6e-07,7.27179828547597e-12,1.91292823904023e-08,0.864290093050474
4.8e-07,7.33793092061926e-12,1.91292266877058e-08,0.864740255645949
5e-07,7.46798632768084e-12,1.91291023664014e-08,0.865134583056804
5.2e-07,7.65498557702318e-12,1.91288385511552e-08,0.865482290351908
5.4e-07,7.89415196467697e-12,1.91286465834402e-08,0.865791569873371
5.6e-07,8.18225884462274e-12,1.91283876843211e-08,0.866067233922479
5.8e-07,8.51725176435613e-12,1.91279897349633e-08,0.866313778892179
6e-07,8.89791909564847e-12,1.91276529215084e-08,0.866536287940992
6.2e-07,9.32369828472584e-12,1.91272266618425e-08,0.866736921442086
6.4e-07,9.79456096332704e-12,1.91267541265012e-08,0.866919550231129
6.6e-07,1.03108224098097e-11,1.91261997587726e-08,0.867085837098123
6.8e-07,1.0873135285583e-11,1.91256932892663e-08,0.867237648139531
7e-07,1.14823824946391e-11,1.9125065156907e-08,0.867377214363172
7.2e-07,1.21398202949839e-11,1.91243735242985e-08,0.867505439712275
7.4e-07,1.28466296341584e-11,1.91236864984401e-08,0.867624030861052
7.6e-07,1.36043425406922e-11,1.91229491710682e-08,0.867734038855661
7.8e-07,1.44144356087312e-11,1.91221469963988e-08,0.867835902473414
8e-07,1.52787462375864e-11,1.9121289377487e-08,0.867931004897985
8.2e-07,1.61988711650466e-11,1.91203641283479e-08,0.868020104837022
8.4e-07,1.7176835757427e-11,1.91193815762318e-08,0.86810354389658
8.6e-07,1.8214489453439e-11,1.91183256374085e-08,0.868181846181691
8.8e-07,1.93138648686837e-11,1.91172161297147e-08,0.868255874705511
9e-07,2.04769601457196e-11,1.91160679115353e-08,0.868325784159512
9.2e-07,2.17059156246899e-11,1.91148272306273e-08,0.868391994653339
9.4e-07,2.30029242108678e-11,1.91135527905987e-08,0.868455242318907
9.6e-07,2.43700848254703e-11,1.91121684615856e-08,0.868515357916845
9.8e-07,2.5809650095264e-11,1.91107266815827e-08,0.868572786337937
1e-06,2.73238259926776e-11,1.91092275982176e-08,0.868628068490012
1.02e-06,2.89148938530989e-11,1.91076430558681e-08,0.868681198813115
1.04e-06,3.05851783690708e-11,1.91059677911508e-08,0.868732160166443
1.06e-06,3.23369329439178e-11,1.91042131988571e-08,0.868781623661278
1.08e-06,3.41725021070866e-11,1.9102379977072e-08,0.86882973614911
1.1e-06,3.60941551061708e-11,1.91004490433613e-08,0.868876283740849
1.12e-06,3.8104261588735e-11,1.90984274819939e-08,0.868921707736141
1.14e-06,4.02051227086816e-11,1.90963459722442e-08,0.868966079782193
1.16e-06,4.23991043985132e-11,1.90941387790814e-08,0.869009625305786
1.18e-06,4.46884897148276e-11,1.90918758118013e-08,0.869052233722042
1.2e-06,4.70756586394515e-11,1.90894597482036e-08,0.869094257928357
1.22e-06,4.95628096892868e-11,1.90869915003244e-08,0.869135660109235
1.24e-06,5.21523629862344e-11,1.90843947699363e-08,0.869176524115043
1.26e-06,5.48465224870958e-11,1.90816952601483e-08,0.869217191845915
1.28e-06,5.76476175332185e-11,1.90789077857498e-08,0.869257559006956
1.3e-06,6.05578070990782e-11,1.90759806184006e-08,0.869297671455971
1.32e-06,6.35794610598995e-11,1.90729672900796e-08,0.869337340589025
1.34e-06,6.67146393841698e-11,1.90698315002313e-08,0.869377447516301
1.36e-06,6.99655710760533e-11,1.9066602744889e-08,0.869417089650962
1.38e-06,7.3334422900078e-11,1.9063223889127e-08,0.869456959672992
1.4e-06,7.68232610695578e-11,1.9059735510913e-08,0.869497032963045
1.42e-06,8.0434265278453e-11,1.9056104546934e-08,0.869536902219229
1.44e-06,8.41693532123976e-11,1.90523733843975e-08,0.869577454872784
1.46e-06,8.80306353800921e-11,1.90485227743878e-08,0.869618077481852
1.48e-06,9.20202046050986e-11,1.90445123748362e-08,0.869659078594609
1.5e-06,9.61396884849642e-11,1.90403949405063e-08,0.869700334441346
1.52e-06,1.00391077607775e-10,1.90361677657809e-08,0.869741937597475
1.54e-06,1.04776451876569e-10,1.90317715607963e-08,0.86978410507728
1.56e-06,1.09297293954472e-10,1.90272429356894e-08,0.869826745117582
1.58e-06,1.13955540701624e-10,1.90225818335999e-08,0.869870037340681
1.6e-06,1.1875311750634e-10,1.90177843043256e-08,0.869913843588958
1.62e-06,1.23691300468012e-10,1.90128574367006e-08,0.869957978468464
1.64e-06,1.28771719378249e-10,1.90077813878497e-08,0.870003500093932
1.66e-06,1.33996003565284e-10,1.90025541594933e-08,0.870048840516626
1.68e-06,1.39365771043918e-10,1.89971733396109e-08,0.87009490261512
1.7e-06,1.44882669642909e-10,1.89916678730057e-08,0.870142411449401
1.72e-06,1.50547304311523e-10,1.89859809809899e-08,0.870189704244644
1.74e-06,1.56362148542223e-10,1.89801781386847e-08,0.870238329949108
1.76e-06,1.62327330424907e-10,1.89742172736205e-08,0.870287201006437
1.78e-06,1.68444891708634e-10,1.89681129484216e-08,0.870337639710396
1.8e-06,1.74715575315303e-10,1.89618394166958e-08,0.87038872186906
1.82e-06,1.81140839075216e-10,1.89554049196671e-08,0.87044047549087
1.84e-06,1.87721072047701e-10,1.89488314826168e-08,0.870493240714522
1.86e-06,1.94457821616128e-10,1.89420866818398e-08,0.870546617128717
1.88e-06,2.013523364496e-10,1.89352110092404e-08,0.870601105343029
1.9e-06,2.08404093834698e-10,1.89281425621619e-08,0.870656561395535
1.92e-06,2.15615602488752e-10,1.89209314364002e-08,0.870712670038751
1.94e-06,2.22986146374452e-10,1.89135711405191e-08,0.870770108037962
1.96e-06,2.30517207801133e-10,1.89060278620374e-08,0.870828226810322
1.98e-06,2.38209057867134e-10,1.88983221284026e-08,0.87088753372951
2e-06,2.4606237528924e-10,1.88904648240896e-08,0.870947856625449
2.02e-06,2.54078106529088e-10,1.88824728527399e-08,0.871009174312859
2.04e-06,2.62255474603315e-10,1.88742925570045e-08,0.87107146445082
2.06e-06,2.70596063034015e-10,1.88659629393556e-08,0.871134739816446
2.08e-06,2.79099525352459e-10,1.88574338808774e-08,0.871199266613102
2.1e-06,2.87766184027724e-10,1.88487978881485e-08,0.871264701219186
2.12e-06,2.96596269443779e-10,1.88399744686921e-08,0.871330976678428
2.14e-06,3.05589112697802e-10,1.88309398817502e-08,0.871398511544115
2.16e-06,3.14746231800264e-10,1.88217954816364e-08,0.871467135839203
2.18e-06,3.2406643814417e-10,1.88124654638554e-08,0.87153702837417
2.2e-06,3.33550019458297e-10,1.88029887362681e-08,0.871608112006573
2.22e-06,3.43196925498159e-10,1.87933554097195e-08,0.871680007568548
2.24e-06,3.53006418212377e-10,1.87835233320725e-08,0.871753271444139
2.26e-06,3.6297919489323e-10,1.87735734907347e-08,0.871827400710232
2.28e-06,3.73113956423042e-10,1.87634367919488e-08,0.871902505689705
2.3e-06,3.83410572518853e-10,1.87531173380246e-08,0.87197892561688
2.32e-06,3.93868912260055e-10,1.8742671302657e-08,0.872056702618439
2.34e-06,4.04488114628169e-10,1.87320623084443e-08,0.872135645740941
2.36e-06,4.15267807090309e-10,1.87212938282568e-08,0.872215310134189
2.38e-06,4.26207131427052e-10,1.87103509819735e-08,0.872296406842494
2.4e-06,4.37305718701627e-10,1.86992419417731e-08,0.872378402064437
2.42e-06,4.48562993536092e-10,1.86879862953982e-08,0.872461638929866
2.44e-06,4.59977065438392e-10,1.86765834612908e-08,0.872545727885878
2.46e-06,4.71548608005614e-10,1.86649914807384e-08,0.872631842467685
2.48e-06,4.8327546981732e-10,1.86532744218376e-08,0.872718471172061
2.5e-06,4.95157291543541e-10,1.8641379399208e-08,0.87280654951845
2.52e-06,5.07193271832544e-10,1.86293493609512e-08,0.872895212635531
2.54e-06,5.1938210427862e-10,1.86171616711224e-08,0.87298562404123
2.56e-06,5.31722278619297e-10,1.86048442117225e-08,0.873076785776166
2.58e-06,5.44213363378209e-10,1.85923052201786e-08,0.873169451949911
2.6e-06,5.56853541112867e-10,1.85796804497768e-08,0.873263069822436
2.62e-06,5.69642173929709e-10,1.85669021292622e-08,0.873357856476552
2.64e-06,5.82577177848076e-10,1.85539847103418e-08,0.873453488742692
2.66e-06,5.95657980722e-10,1.85408799129202e-08,0.873550937635273
2.68e-06,6.08883106877333e-10,1.85276452009135e-08,0.873648948945068
2.7e-06,6.22250663128643e-10,1.8514280061668e-08,0.873748365674712
2.72e-06,6.3575974817142e-10,1.85007587513853e-08,0.873848582879557
2.74e-06,6.49408155178544e-10,1.84871382622918e-08,0.873950016366695
2.76e-06,6.63195350914268e-10,1.84733386853172e-08,0.874052587582163
2.78e-06,6.77119156242476e-10,1.84594335791367e-08,0.8741564220983
2.8e-06,6.9117825140922e-10,1.84453629745502e-08,0.874261377439504
2.82e-06,7.05370703881866e-10,1.84311696298202e-08,0.874367126848791
2.84e-06,7.19694792422047e-10,1.84168508879776e-08,0.874474041324274
2.86e-06,7.34148829751e-10,1.84023940847711e-08,0.874582332714944
2.88e-06,7.4873133456042e-10,1.83878156230858e-08,0.87469105515687
2.9e-06,7.63441017677025e-10,1.83730868933398e-08,0.874801485012193
2.92e-06,7.78274544035182e-10,1.83582612494778e-08,0.874912659444092
2.94e-06,7.93231919675713e-10,1.834330432396e-08,0.875025210425536
2.96e-06,8.0831012165522e-10,1.83282149690653e-08,0.875138548779319
2.98e-06,8.23507982405974e-10,1.83130209504356e-08,0.875252698347995
3e-06,8.38822421388118e-10,1.82977296858437e-08,0.875368542930652
3.02e-06,8.54252998138605e-10,1.82822746428138e-08,0.875484643801225
3.04e-06,8.6979711163046e-10,1.82667356801569e-08,0.875602100784665
3.06e-06,8.85452513873505e-10,1.82510953981302e-08,0.875720398405575
3.08e-06,9.01218222456911e-10,1.82353461960713e-08,0.875840027986139
3.1e-06,9.17090781610026e-10,1.82194577760435e-08,0.875960405121466
3.12e-06,9.33069902798389e-10,1.82034917712652e-08,0.876081852992025
3.14e-06,9.49151657152351e-10,1.81874303231179e-08,0.876204436040465
3.16e-06,9.65335790090802e-10,1.81712324705847e-08,0.876327681774899
3.18e-06,9.81619008716976e-10,1.81549202884604e-08,0.876451893171507
3.2e-06,9.97997234201495e-10,1.81385303477781e-08,0.876577186031641
3.22e-06,1.01447410064611e-09,1.81220819170112e-08,0.876703625861613
3.24e-06,1.03104241712338e-09,1.81055037715354e-08,0.876830010697409
3.26e-06,1.04770262698988e-09,1.80888555956201e-08,0.876958548950905
3.28e-06,1.06445327038556e-09,1.80721035625146e-08,0.877086950305561
3.3e-06,1.08128692763485e-09,1.80552415203702e-08,0.877217089509103
3.32e-06,1.09820938211992e-09,1.8038317252396e-08,0.877347538772731
3.34e-06,1.11521475933242e-09,1.80213182240586e-08,0.877478949728824
3.36e-06,1.13229840783016e-09,1.80042292531209e-08,0.877610892694165
3.38e-06,1.14946178147651e-09,1.79870841195073e-08,0.877744478411149
3.4e-06,1.16670044629676e-09,1.79698517552965e-08,0.877878088800452
3.42e-06,1.18401265784567e-09,1.79525527689653e-08,0.878013059232733
3.44e-06,1.20139372731892e-09,1.79351572890176e-08,0.878148611299591
3.46e-06,1.21885493736208e-09,1.79176917162913e-08,0.878284990231853
3.48e-06,1.23637561059773e-09,1.79001507784558e-08,0.87842207060145
3.5e-06,1.25396384860034e-09,1.78825807105768e-08,0.87856006090195
3.52e-06,1.27161327351726e-09,1.7864937467779e-08,0.87869867976996
3.54e-06,1.28932860591852e-09,1.78472113871038e-08,0.878838140070541
3.56e-06,1.30710365500168e-09,1.78294306420072e-08,0.878978107451872
3.58e-06,1.3249298836348e-09,1.78116123359214e-08,0.879118783585343
3.6e-06,1.34281405181985e-09,1.77937574084295e-08,0.879259899205762
3.62e-06,1.3607501131691e-09,1.77757831671664e-08,0.879402610619942
3.64e-06,1.37873964442309e-09,1.77578031218136e-08,0.879545154486449
3.66e-06,1.39677856040218e-09,1.77397842039101e-08,0.879688872924861
3.68e-06,1.4148624804343e-09,1.7721726711441e-08,0.879832638391264
3.7e-06,1.43298758777973e-09,1.77035927669242e-08,0.879977704043922
3.72e-06,1.45115665375267e-09,1.76853939464436e-08,0.880123345522476
3.74e-06,1.46936684241255e-09,1.76671828697484e-08,0.880268974857495
3.76e-06,1.48761872074589e-09,1.76489311881088e-08,0.880415563344473
3.78e-06,1.50589961747612e-09,1.76306383299e-08,0.880562700235034
3.8e-06,1.52422220803457e-09,1.76123257409141e-08,0.880710373997003
3.82e-06,1.54257005692854e-09,1.75940114820422e-08,0.880858816461067
3.84e-06,1.56095644391686e-09,1.7575575459803e-08,0.88100764220522
3.86e-06,1.57936247974254e-09,1.75571970111229e-08,0.88115693977466
3.88e-06,1.59780011644085e-09,1.75387583675438e-08,0.88130687146558
3.9e-06,1.61626020616661e-09,1.75202882067134e-08,0.881457156830629
3.92e-06,1.63474490649276e-09,1.7501794754343e-08,0.881607905935249
3.94e-06,1.65324020195776e-09,1.74833105808499e-08,0.881759319018625
3.96e-06,1.67176654397802e-09,1.74647924720926e-08,0.881911133606203
3.98e-06,1.6903066359051e-09,1.74462331628896e-08,0.882063749206312
4e-06,1.70886121533532e-09,1.74276942773472e-08,0.882216342592882
4.02e-06,1.72742507291076e-09,1.74091206282394e-08,0.882369160599566
4.04e-06,1.74600287183201e-09,1.73905494750448e-08,0.882522839921929
4.06e-06,1.76459122020817e-09,1.73719583543493e-08,0.882676644425242
4.08e-06,1.78318540946102e-09,1.73533630727669e-08,0.882831019493963
4.1e-06,1.80178396115658e-09,1.7334754183045e-08,0.882985690918056
4.12e-06,1.82038663193022e-09,1.7316166016253e-08,0.883140889192993
4.14e-06,1.83899507854615e-09,1.72975609510701e-08,0.883296112438363
4.16e-06,1.85760497503208e-09,1.72789536590388e-08,0.883451551275239
4.18e-06,1.87620775357734e-09,1.72603504090907e-08,0.883607484050112
4.2e-06,1.89480886248234e-09,1.72417469746119e-08,0.883763781067974
4.22e-06,1.91340574649816e-09,1.72231636944926e-08,0.883920585281811
4.24e-06,1.93199657626891e-09,1.72045344030328e-08,0.884077628883462
4.26e-06,1.95058221824651e-09,1.71859782784261e-08,0.884234480728159
4.28e-06,1.96915411095521e-09,1.7167393867276e-08,0.884392006448761
4.3e-06,1.9877180336145e-09,1.71488010068512e-08,0.884549375400054
4.32e-06,2.00626647025163e-09,1.71302927287832e-08,0.884707406084683
4.34e-06,2.02479891658975e-09,1.71117337767811e-08,0.884865486603962
4.36e-06,2.04332362996861e-09,1.70931948437359e-08,0.885023665144433
4.38e-06,2.06182760449111e-09,1.70746989647506e-08,0.885182042561486
4.4e-06,2.08031218929309e-09,1.70562403847514e-08,0.885340975593183
4.42e-06,2.09877137970811e-09,1.70377873301108e-08,0.88549924999252
4.44e-06,2.11721547002455e-09,1.70193449156499e-08,0.885658509051597
4.46e-06,2.13563313944331e-09,1.70009143668757e-08,0.885817453276792
4.48e-06,2.15403125427602e-09,1.69825051267239e-08,0.885976616792728
4.5e-06,2.17240135826084e-09,1.69641482642186e-08,0.886136021737787
4.52e-06,2.19074264034649e-09,1.69457911545946e-08,0.886295360030042
4.54e-06,2.20905689329656e-09,1.6927493254224e-08,0.886455070161108
4.56e-06,2.227341629617e-09,1.69092065923855e-08,0.886614627628237
4.58e-06,2.24559413292324e-09,1.68909526429053e-08,0.886774263457075
4.6e-06,2.26381422690162e-09,1.6872736403069e-08,0.886933815984497
4.62e-06,2.28200058852419e-09,1.68545554245954e-08,0.887094015952771
4.64e-06,2.30015563389026e-09,1.68364083992668e-08,0.88725350938842
4.66e-06,2.31827009040718e-09,1.68182790766724e-08,0.887413486479353
4.68e-06,2.33634827532741e-09,1.68001785855018e-08,0.887573194373541
4.7e-06,2.35438920905664e-09,1.67821480366954e-08,0.887733117555154
4.72e-06,2.37239206885761e-09,1.67641741569014e-08,0.887892913268786
4.74e-06,2.39035430416658e-09,1.67462038136453e-08,0.88805265771872
4.76e-06,2.40826968833181e-09,1.67282784893251e-08,0.888212316053659
4.78e-06,2.42614880136695e-09,1.67104179190767e-08,0.888372305790994
4.8e-06,2.443982101232e-09,1.66925596308766e-08,0.888531447067918
4.82e-06,2.46176624469274e-09,1.66747648415405e-08,0.88869135163226
4.84e-06,2.47951023265218e-09,1.66570529729204e-08,0.888851081095328
4.86e-06,2.49720669052054e-09,1.6639353545622e-08,0.889010469375317
4.88e-06,2.51485213657306e-09,1.66216839710655e-08,0.889169706201426
4.9e-06,2.53245175299697e-09,1.66041003911072e-08,0.88932893393868
4.92e-06,2.54999913551685e-09,1.65865590601614e-08,0.889487966347951
4.94e-06,2.56749663462694e-09,1.65690252145453e-08,0.889647244604276
4.96e-06,2.58494351560999e-09,1.65516189030508e-08,0.889806139563269
4.98e-06,2.60234221905301e-09,1.65342016347396e-08,0.889964557008552
5e-06,2.61968266569029e-09,1.65168398979088e-08,0.890123505636838
5.02e-06,2.63696866860255e-09,1.64995844093607e-08,0.890281730987982
5.04e-06,2.65420360682309e-09,1.64823535886229e-08,0.890439971020804
5.06e-06,2.67137961840977e-09,1.64651554880816e-08,0.890597738292204
5.08e-06,2.6885003577187e-09,1.64480442036598e-08,0.890755713982319
5.1e-06,2.70556100118901e-09,1.64309809938667e-08,0.890913249003673
5.12e-06,2.72256565206911e-09,1.64139836540436e-08,0.891071026590317
5.14e-06,2.73951407382102e-09,1.63970235121935e-08,0.891227922543078
5.16e-06,2.75640458644356e-09,1.63801108507682e-08,0.891385262512543
5.18e-06,2.77323135476774e-09,1.6363312066743e-08,0.89154162680711
5.2e-06,2.78999660946656e-09,1.63465489622734e-08,0.891698228319771
5.22e-06,2.8067039478909e-09,1.63298522284526e-08,0.891854453779712
5.24e-06,2.82334778672254e-09,1.63131806728681e-08,0.892010632243585
5.26e-06,2.83992971966064e-09,1.62966095171221e-08,0.892166553724761
5.28e-06,2.85644809727557e-09,1.62801013437884e-08,0.892321481588909
5.3e-06,2.87290177352258e-09,1.6263637891792e-08,0.892476789079071
5.32e-06,2.88929436096425e-09,1.6247238131087e-08,0.892631469294764
5.34e-06,2.90561958944132e-09,1.62309316195459e-08,0.892786353437368
5.36e-06,2.92188331966022e-09,1.62146801788667e-08,0.892940640112894
5.38e-06,2.9380765019867e-09,1.61984638007276e-08,0.89309429066339
5.4e-06,2.9542050549448e-09,1.61823651166324e-08,0.893247968984302
5.42e-06,2.9702695027425e-09,1.61662680078863e-08,0.893401076403166
5.44e-06,2.98626480473192e-09,1.61502520843012e-08,0.893554231406875
5.46e-06,3.00219352469142e-09,1.61343543902161e-08,0.893706660134
5.48e-06,3.01805066188315e-09,1.61184818430076e-08,0.893859012080729
5.5e-06,3.03384240399633e-09,1.61027031458316e-08,0.894011016212905
5.52e-06,3.04956441411272e-09,1.60869798637635e-08,0.894162345858021
5.54e-06,3.06521519496329e-09,1.60713232590715e-08,0.894313853396655
5.56e-06,3.08080429557019e-09,1.60557427823526e-08,0.894464140037194
5.58e-06,3.09631490117411e-09,1.60402190192107e-08,0.894614608241709
5.6e-06,3.11175860449652e-09,1.60247860215901e-08,0.894764702483713
5.62e-06,3.12713249626917e-09,1.60094102491259e-08,0.894914248587856
5.64e-06,3.14243217110637e-09,1.59941159089803e-08,0.895063335474427
5.66e-06,3.15766541701664e-09,1.5978870384385e-08,0.89521237334851
5.68e-06,3.17282376034178e-09,1.59637183547916e-08,0.895360520953527
5.7e-06,3.18790945395851e-09,1.59486596509113e-08,0.895507987399534
5.72e-06,3.20292566072263e-09,1.59336071328898e-08,0.895655829598224
5.74e-06,3.2178714065995e-09,1.59186776655531e-08,0.895803026115221
5.76e-06,3.2327372303401e-09,1.59038221833582e-08,0.8959493823394
5.78e-06,3.24753688346664e-09,1.58890038536264e-08,0.89609566954958
5.8e-06,3.26226045638072e-09,1.5874257007399e-08,0.896241498875726
5.82e-06,3.27691586097024e-09,1.58596212429791e-08,0.896386591168326
5.84e-06,3.29149413124444e-09,1.58450658353255e-08,0.89653159193518
5.86e-06,3.30599991013518e-09,1.58305480941433e-08,0.896675502964118
5.88e-06,3.32043118095584e-09,1.58161150583884e-08,0.896819685262311
5.9e-06,3.33478686284967e-09,1.58017537554446e-08,0.896963126493676
5.92e-06,3.34906923574593e-09,1.57874568806438e-08,0.897105919873792
5.94e-06,3.36327909321528e-09,1.57732704817256e-08,0.897248248128047
5.96e-06,3.37741764098959e-09,1.57591069416831e-08,0.897390173872789
5.98e-06,3.39147574592961e-09,1.57450541298099e-08,0.89753170694213
6e-06,3.4054674339507e-09,1.57310814535487e-08,0.897672441352365
6.02e-06,3.41937967402144e-09,1.57171588988474e-08,0.897812888229116
6.04e-06,3.43321336114322e-09,1.57033127011071e-08,0.897952659242817
6.06e-06,3.44697609529648e-09,1.56895356907854e-08,0.898092641265519
6.08e-06,3.46066854804054e-09,1.56758738703159e-08,0.898231147500608
6.1e-06,3.47428018396875e-09,1.56622559853878e-08,0.898369592421823
6.12e-06,3.48782189321453e-09,1.56487196002423e-08,0.898507743441358
6.14e-06,3.5012854003126e-09,1.56352412586203e-08,0.898644926537744
6.16e-06,3.51467397999148e-09,1.56218614149539e-08,0.898781414593887
6.18e-06,3.527989748352e-09,1.56085489080387e-08,0.898917845895749
6.2e-06,3.54123049470543e-09,1.55953374082955e-08,0.899053834579904
6.22e-06,3.55439414167185e-09,1.55821670449708e-08,0.899189043888678
6.24e-06,3.56748371521496e-09,1.55690552182929e-08,0.89932365882424
6.26e-06,3.58049948327006e-09,1.55560296457815e-08,0.899457489204899
6.28e-06,3.59344088224113e-09,1.55431017648036e-08,0.899591287640918
6.3e-06,3.606305107543e-09,1.55302307039879e-08,0.899724197345531
6.32e-06,3.61910032350754e-09,1.55174450496574e-08,0.899856369528445
6.34e-06,3.63181407160361e-09,1.55047440262972e-08,0.899988294201032
6.36e-06,3.6444574390692e-09,1.54921090037278e-08,0.900120114529577
6.38e-06,3.65702188863059e-09,1.5479513230059e-08,0.9002507096519
6.4e-06,3.66951945551654e-09,1.54670254023675e-08,0.900380806482053
6.42e-06,3.68193711949272e-09,1.54546053607006e-08,0.900510828341035
6.44e-06,3.69427805447704e-09,1.54422632360798e-08,0.900639817657242
6.46e-06,3.70655020705627e-09,1.54299999239426e-08,0.90076803092556
6.48e-06,3.71874480553677e-09,1.54177883888268e-08,0.90089593935161
6.5e-06,3.73086397063784e-09,1.5405670675797e-08,0.90102342610694
6.52e-06,3.74291695477678e-09,1.53936458008709e-08,0.901150075540322
6.54e-06,3.75488759383556e-09,1.538167683036e-08,0.901276816991221
6.56e-06,3.76679109084886e-09,1.53697759642814e-08,0.901401979827791
6.58e-06,3.77861635686411e-09,1.53579337385559e-08,0.901527325466266
6.6e-06,3.79036859670606e-09,1.5346175760682e-08,0.901651661546457
6.62e-06,3.80204874914388e-09,1.53345135112495e-08,0.901775377500716
6.64e-06,3.81365678892999e-09,1.53228929370808e-08,0.901898747592615
6.66e-06,3.8251887428162e-09,1.53113700228771e-08,0.902021515745853
6.68e-06,3.83665037334322e-09,1.52998729864886e-08,0.902143538015134
6.7e-06,3.848037337229e-09,1.52885175931539e-08,0.902264964991803
6.72e-06,3.85935524492071e-09,1.52771891195054e-08,0.902385703905379
6.74e-06,3.87060052315411e-09,1.52659325587549e-08,0.902506589573327
6.76e-06,3.88176932674471e-09,1.52547707613458e-08,0.902626116780754
6.78e-06,3.89286827273778e-09,1.52436617695274e-08,0.902744867122025
6.8e-06,3.903896164465e-09,1.52326473500022e-08,0.902863558931079
6.82e-06,3.91484864908399e-09,1.52217174800099e-08,0.902981675202226
6.84e-06,3.92573402917763e-09,1.52108069523882e-08,0.903098599826242
6.86e-06,3.93654893319554e-09,1.5199988214022e-08,0.903215589237769
6.88e-06,3.94728824503591e-09,1.51892624085137e-08,0.903331279193936
6.9e-06,3.95795808346089e-09,1.51785787119976e-08,0.903447419165805
6.92e-06,3.96855840973799e-09,1.51679886306178e-08,0.903561815007441
6.94e-06,3.9790858551284e-09,1.51574835042515e-08,0.903676438296181
6.96e-06,3.98954584182229e-09,1.5147004623965e-08,0.903790232435757
6.98e-06,3.99993237165959e-09,1.51365788756199e-08,0.903903146337573
7e-06,4.0102522116946e-09,1.51262814280481e-08,0.904015727954354
7.02e-06,4.02049958580923e-09,1.51160392500192e-08,0.904127322451405
7.04e-06,4.03067876824621e-09,1.51058809323699e-08,0.904238694503287
7.06e-06,4.04078949652315e-09,1.50957632544126e-08,0.904349445956164
7.08e-06,4.05083010589004e-09,1.50857155171969e-08,0.904459380818939
7.1e-06,4.0608036340904e-09,1.50757388408862e-08,0.904568569954347
7.12e-06,4.07070683804309e-09,1.50658503937643e-08,0.904677501215516
7.14e-06,4.08054326774807e-09,1.50559840730162e-08,0.904785800740259
7.16e-06,4.09031118912393e-09,1.50462637609293e-08,0.904893631903441
7.18e-06,4.10000736491721e-09,1.50365235301205e-08,0.905000217800045
7.2e-06,4.10963937304159e-09,1.50269128828885e-08,0.905106804412449
7.22e-06,4.11920412548714e-09,1.50173479271817e-08,0.905212668398159
7.24e-06,4.12869874978105e-09,1.5007866738025e-08,0.905317576674699
7.26e-06,4.13812838137585e-09,1.49983984849767e-08,0.905422142262263
7.28e-06,4.14749221031275e-09,1.49890541668996e-08,0.905526060725742
7.3e-06,4.15678555399444e-09,1.49797560103785e-08,0.905629372335684
7.32e-06,4.16601754084471e-09,1.49705291624275e-08,0.905731937554261
7.34e-06,4.17518055081684e-09,1.4961354124272e-08,0.905833988244865
7.36e-06,4.18427899642812e-09,1.49522610451629e-08,0.905935779196573
7.38e-06,4.19331348763382e-09,1.49432173383869e-08,0.906036969208913
7.4e-06,4.20227787227318e-09,1.49342579024861e-08,0.90613730203703
7.42e-06,4.21117890175703e-09,1.49253826390233e-08,0.906236663854855
7.44e-06,4.22001895823263e-09,1.49165339262096e-08,0.906335688405833
7.46e-06,4.22879290494539e-09,1.4907746258921e-08,0.906434259574024
7.48e-06,4.23750469373029e-09,1.48990497557944e-08,0.906532253089214
7.5e-06,4.24614852916283e-09,1.48903745733301e-08,0.906629323676325
7.52e-06,4.25473127089205e-09,1.48817918969256e-08,0.906726153722501
7.54e-06,4.26324636761311e-09,1.48733339896388e-08,0.906822056081865
7.56e-06,4.27169996691812e-09,1.4864850032781e-08,0.906917525721822
7.58e-06,4.28009474598713e-09,1.4856452162749e-08,0.907012305108554
7.6e-06,4.28842583506953e-09,1.48481128919091e-08,0.907106639609404
7.62e-06,4.29668704679806e-09,1.48398440537987e-08,0.907200033608704
7.64e-06,4.3048949307042e-09,1.4831667770605e-08,0.907293300880036
7.66e-06,4.31304083532038e-09,1.48235079041126e-08,0.907385521742281
7.68e-06,4.32111962887654e-09,1.48154340179016e-08,0.907477539863355
7.7e-06,4.32913885416864e-09,1.48074065456146e-08,0.907568759129852
7.72e-06,4.33709851412115e-09,1.47994162185214e-08,0.907659277516212
7.74e-06,4.34499702005088e-09,1.47915540462721e-08,0.907749442013108
7.76e-06,4.35283272568496e-09,1.47837104355943e-08,0.90783910233338
7.78e-06,4.36061219611809e-09,1.47759448845363e-08,0.907927683513269
7.8e-06,4.36832878909582e-09,1.47682288957827e-08,0.908015775993346
7.82e-06,4.37598655127516e-09,1.47605927031294e-08,0.908103921317329
7.84e-06,4.38358868362531e-09,1.47529710076867e-08,0.908190712634399
7.86e-06,4.39112486373761e-09,1.47454507540807e-08,0.908277081391034
7.88e-06,4.39860628957229e-09,1.47379214813143e-08,0.908363160595917
7.9e-06,4.4060260519944e-09,1.47304904038529e-08,0.908448593754974
7.92e-06,4.41338987485899e-09,1.47231610900884e-08,0.908533330124827
7.94e-06,4.42069425267532e-09,1.471587620759e-08,0.908617396376339
7.96e-06,4.42794496624759e-09,1.47086035146191e-08,0.908700645101265
7.98e-06,4.4351359748048e-09,1.47014034679635e-08,0.908783714705634
8e-06,4.44226619717209e-09,1.46942697894153e-08,0.908865939248179
8.02e-06,4.44934312310771e-09,1.46872319312978e-08,0.908948147428689
8.04e-06,4.45636052868455e-09,1.46801804450674e-08,0.909029122513318
8.06e-06,4.46332111402954e-09,1.46732404708332e-08,0.909109811949089
8.08e-06,4.4702325628823e-09,1.4666327196613e-08,0.909190119937454
8.1e-06,4.47707966136058e-09,1.4659457535281e-08,0.909269666473713
8.12e-06,4.48387599147131e-09,1.46526509684494e-08,0.909348556011677
8.14e-06,4.49061576327665e-09,1.46459218713825e-08,0.909427099699822
8.16e-06,4.49729989450561e-09,1.46392141813236e-08,0.909504799932707
8.18e-06,4.50392531522901e-09,1.4632610684119e-08,0.909582148385565
8.2e-06,4.51049857923611e-09,1.4626050436974e-08,0.909658735472456
8.22e-06,4.51702067828084e-09,1.46195291893223e-08,0.909734891338812
8.24e-06,4.52348848473686e-09,1.46130499941687e-08,0.909810154875848
8.26e-06,4.52990076172798e-09,1.46066574875332e-08,0.909885271405625
8.28e-06,4.53625902498617e-09,1.46002779387087e-08,0.909959731882609
8.3e-06,4.54256979718952e-09,1.45939892638906e-08,0.910033638266899
8.32e-06,4.54881953561081e-09,1.45877120731073e-08,0.910106809045303
8.34e-06,4.55501942498913e-09,1.45815169207431e-08,0.910179740216842
8.36e-06,4.56116522833936e-09,1.45754082350679e-08,0.910251995990645
8.38e-06,4.56726556049014e-09,1.45692531570072e-08,0.910323137732886
8.4e-06,4.57330804074182e-09,1.45632600646826e-08,0.91039439287516
8.42e-06,4.57929774238514e-09,1.4557253726162e-08,0.910465080002658
8.44e-06,4.58524029766566e-09,1.45513239246942e-08,0.910535266033785
8.46e-06,4.59113053497061e-09,1.45454243314123e-08,0.910604522943088
8.48e-06,4.59696683756187e-09,1.45395602679791e-08,0.910673368397252
8.5e-06,4.60275300987504e-09,1.45337616501043e-08,0.91074156388423
8.52e-06,4.60849294321551e-09,1.45280622111021e-08,0.910809332950489
8.54e-06,4.61417946798668e-09,1.45223620676329e-08,0.910877058831558
8.56e-06,4.61981980320621e-09,1.45167465087333e-08,0.910943637205128
8.58e-06,4.62540757048801e-09,1.45111563415717e-08,0.911009957018648
8.6e-06,4.63094618592995e-09,1.450560398512e-08,0.91107545210654
8.62e-06,4.63643409833861e-09,1.45001142092674e-08,0.91114064167746
8.64e-06,4.64187671188194e-09,1.44946596377598e-08,0.91120540455057
8.66e-06,4.64727011971473e-09,1.44892825461886e-08,0.911269449649251
8.68e-06,4.65261118656053e-09,1.44839286399324e-08,0.911333356525589
8.7e-06,4.65790910450196e-09,1.44786372496348e-08,0.911395820599896
8.72e-06,4.66315433774181e-09,1.44733554896877e-08,0.911458179927885
8.74e-06,4.66835747742218e-09,1.44682074690162e-08,0.911520839557768
8.76e-06,4.67351252737754e-09,1.44630412794412e-08,0.911582000115644
8.78e-06,4.67861591350541e-09,1.44579144776351e-08,0.911643175161531
8.8e-06,4.68367850452049e-09,1.44528737220273e-08,0.911703478233242
8.82e-06,4.68869109743089e-09,1.44478598356647e-08,0.911763398440483
8.84e-06,4.69365882857943e-09,1.44428773824247e-08,0.911822968396096
8.86e-06,4.69857800244931e-09,1.44379447976416e-08,0.911881607385936
8.88e-06,4.70345068992689e-09,1.44330988580628e-08,0.911939793252103
8.9e-06,4.708280660754e-09,1.44282622928818e-08,0.911997603861718
8.92e-06,4.7130677342764e-09,1.44234690158596e-08,0.91205531077744
8.94e-06,4.7178050914128e-09,1.44187340662187e-08,0.912112197339704
8.96e-06,4.72249968910246e-09,1.44140131106072e-08,0.91216880954289
8.98e-06,4.72714781604781e-09,1.44093928172794e-08,0.912223930979164
9e-06,4.73175342709078e-09,1.44047678645753e-08,0.912279892694978
9.02e-06,4.73631252588137e-09,1.44002422617524e-08,0.912334499770889
9.04e-06,4.74083147987683e-09,1.43957207330433e-08,0.912388965544938
9.06e-06,4.74530516931397e-09,1.43912472221946e-08,0.912442852366905
9.08e-06,4.74973356159366e-09,1.43868231818479e-08,0.91249637014036
9.1e-06,4.75412143955323e-09,1.43824311682904e-08,0.912549401804474
9.12e-06,4.75846428215543e-09,1.43780816206435e-08,0.912601701035018
9.14e-06,4.76276609016634e-09,1.43737574800601e-08,0.912653876162107
9.16e-06,4.76702556366401e-09,1.43695350634937e-08,0.912704929485739
9.18e-06,4.7712382107079e-09,1.4365305007502e-08,0.912756372283367
9.2e-06,4.77541228493511e-09,1.43611435865823e-08,0.912806492422344
9.22e-06,4.77954649497913e-09,1.43569831838602e-08,0.912856518551663
9.24e-06,4.78363404048206e-09,1.43529126964384e-08,0.912906588538324
9.26e-06,4.78768888232184e-09,1.434885808415e-08,0.912955385376904
9.28e-06,4.79169595080328e-09,1.43448535477312e-08,0.913004122530842
9.3e-06,4.79566419282387e-09,1.43408942962403e-08,0.91305217706539
9.32e-06,4.79958909412421e-09,1.43369653425038e-08,0.913099839032239
9.34e-06,4.80347761039756e-09,1.43330503754129e-08,0.913146988383152
9.36e-06,4.80732217500998e-09,1.43291959905267e-08,0.913193586816428
9.38e-06,4.81112748613362e-09,1.43253962212744e-08,0.913239992390124
9.4e-06,4.81489389136324e-09,1.43216337845739e-08,0.913286058139059
9.42e-06,4.81861911658643e-09,1.43179268417086e-08,0.913331309664686
9.44e-06,4.82231163827555e-09,1.43142439294875e-08,0.913376153324302
9.46e-06,4.8259582547842e-09,1.431056919444e-08,0.913420484887327
9.48e-06,4.82956541177866e-09,1.43069776966804e-08,0.913464837735405
9.5e-06,4.83313700406913e-09,1.43034081924172e-08,0.913508113837473
9.52e-06,4.83666941114144e-09,1.42998756863077e-08,0.913551158473392
9.54e-06,4.8401620897032e-09,1.42963913788303e-08,0.913593631499643
9.56e-06,4.84361805199438e-09,1.42929295671453e-08,0.913636316020864
9.58e-06,4.8470368602992e-09,1.42894953008097e-08,0.913677730158009
9.6e-06,4.85041463594289e-09,1.42861551759805e-08,0.913719245871451
9.62e-06,4.85375947380651e-09,1.42828048918859e-08,0.91375992200588
9.64e-06,4.85706470447618e-09,1.42795056230525e-08,0.913800417472961
9.66e-06,4.86033259835858e-09,1.42762238997695e-08,0.913840748240781
9.68e-06,4.86356208354685e-09,1.42729778889449e-08,0.913880370202966
9.7e-06,4.86675847045053e-09,1.42697780847673e-08,0.913919411003507
9.72e-06,4.86991612093024e-09,1.42666148801258e-08,0.913958117061771
9.74e-06,4.87303987177501e-09,1.42634895596718e-08,0.913996325876305
9.76e-06,4.87612639111331e-09,1.42604272655892e-08,0.914034210316357
9.78e-06,4.87917497841622e-09,1.42573614621961e-08,0.914071775196289
9.8e-06,4.88219026912253e-09,1.42543436863842e-08,0.914108496570409
9.82e-06,4.88516799279515e-09,1.42513551263704e-08,0.914145438951478
9.84e-06,4.88811238147263e-09,1.42484277265936e-08,0.914181647032327
9.86e-06,4.89102311900914e-09,1.4245550997026e-08,0.914217484032505
9.88e-06,4.89389214229153e-09,1.42426827992222e-08,0.914252376634569
9.9e-06,4.89673545627981e-09,1.42398551893416e-08,0.914288123448249
9.92e-06,4.8995372110195e-09,1.42370391084244e-08,0.914322024303592
9.94e-06,4.90230727984969e-09,1.42342549595348e-08,0.914356371892365
9.96e-06,4.90504260632916e-09,1.42314902367687e-08,0.91439007580316
9.98e-06,4.90774782344218e-09,1.42287645701469e-08,0.914423287557096
1e-05,4.91041551021708e-09,1.42261254693838e-08,0.914456368409017
1.002e-05,4.91305060632232e-09,1.4223489444586e-08,0.91448905868589
1.004e-05,4.91565341997365e-09,1.4220895128705e-08,0.914520995427582
1.006e-05,4.91821959209137e-09,1.42183344479311e-08,0.914552488305391
1.008e-05,4.92075808683485e-09,1.4215771704862e-08,0.914584045237828
1.01e-05,4.92326078303248e-09,1.42132860953051e-08,0.914614693595587
1.012e-05,4.92572977887939e-09,1.42108226125575e-08,0.914645334485524
1.014e-05,4.92816969909385e-09,1.4208380460809e-08,0.914675505012341
1.016e-05,4.93057341921525e-09,1.42059703728742e-08,0.914705237256065
1.018e-05,4.93294913984761e-09,1.42036100348722e-08,0.914734801322135
1.02e-05,4.93528870803858e-09,1.42012566127515e-08,0.914763498542252
1.022e-05,4.93759680537773e-09,1.41989563846885e-08,0.914792258961831
1.024e-05,4.93987794106846e-09,1.41966731128323e-08,0.914820922926122
1.026e-05,4.94212472111377e-09,1.41944105367537e-08,0.914848305126401
1.028e-05,4.94433635887031e-09,1.41922059268307e-08,0.91487547476159
1.03e-05,4.9465249459653e-09,1.41900278553706e-08,0.91490290343511
1.032e-05,4.94867818702529e-09,1.41878500071335e-08,0.914929561570982
1.034e-05,4.95079909575289e-09,1.41857471077988e-08,0.914955824489684
1.036e-05,4.9528914527692e-09,1.41836591413032e-08,0.914982000470618
1.038e-05,4.95495480351013e-09,1.41816088322052e-08,0.915007602694065
1.04e-05,4.95698674488163e-09,1.41795770965965e-08,0.915032860034268
1.042e-05,4.9589866999798e-09,1.41775625197922e-08,0.915057545562197
1.044e-05,4.9609594947685e-09,1.41755732376191e-08,0.915082226924438
1.046e-05,4.96290311099589e-09,1.4173633089868e-08,0.915106220878644
1.048e-05,4.96481658021299e-09,1.4171716646141e-08,0.915129987613241
1.05e-05,4.96670034311737e-09,1.41698235543523e-08,0.915153418546257
1.052e-05,4.96855310620126e-09,1.41679887455657e-08,0.9151766738128
1.054e-05,4.97038293291312e-09,1.41661574881604e-08,0.915199262127179
1.056e-05,4.97217399676032e-09,1.41643796501e-08,0.915221476354561
1.058e-05,4.97394542464807e-09,1.41626232079798e-08,0.915243302003371
1.06e-05,4.97568364610027e-09,1.41608571172188e-08,0.91526502468644
1.062e-05,4.9773953952649e-09,1.41591526657658e-08,0.915286750932442
1.064e-05,4.97907639330521e-09,1.41574664223779e-08,0.91530764027098
1.066e-05,4.98073141757593e-09,1.41558429152049e-08,0.915328238015109
1.068e-05,4.98235633907434e-09,1.41541874481631e-08,0.915348532483007
1.07e-05,4.98395679816924e-09,1.41525760592842e-08,0.915368492909346
1.072e-05,4.98552647598927e-09,1.41510297957684e-08,0.915387834732714
1.074e-05,4.98707405308552e-09,1.41494760811939e-08,0.915406862528915
1.076e-05,4.98859106317874e-09,1.41479563743607e-08,0.915425954842512
1.078e-05,4.9900769987271e-09,1.41464699233357e-08,0.91544459880821
1.08e-05,4.99153828818297e-09,1.4144985186138e-08,0.915462973930238
1.082e-05,4.99297365818763e-09,1.41435802906884e-08,0.915480832942061
1.084e-05,4.99438206192622e-09,1.41421556290148e-08,0.915498775035226
1.086e-05,4.99576510081376e-09,1.41407650468011e-08,0.915515927549309
1.088e-05,4.99712125579727e-09,1.41394552897398e-08,0.915532428664873
1.09e-05,4.99845330895229e-09,1.41380612942907e-08,0.915549382888646
1.092e-05,4.999754064061e-09,1.41368165062612e-08,0.915565903100081
1.094e-05,5.00103066756954e-09,1.41355080768566e-08,0.915581364578045
1.096e-05,5.00228472321322e-09,1.41342520701613e-08,0.915597380148789
1.098e-05,5.00350938938276e-09,1.41330396822012e-08,0.915612458114145
1.1e-05,5.00470810011656e-09,1.41318461069327e-08,0.915627346635048
1.102e-05,5.00588468785286e-09,1.4130658872751e-08,0.915642332859111
1.104e-05,5.00703080416621e-09,1.41295028241385e-08,0.915656369096585
1.106e-05,5.00815555688804e-09,1.41283786383261e-08,0.915670533929261
1.108e-05,5.00925682285074e-09,1.41273120524757e-08,0.915684459742262
1.11e-05,5.01033001522786e-09,1.41262425357114e-08,0.915697998435157
1.112e-05,5.01138080524157e-09,1.41251723741194e-08,0.915711109583451
1.114e-05,5.01240132304321e-09,1.41241283420846e-08,0.915723860422107
1.116e-05,5.01340873945141e-09,1.41231349702722e-08,0.915736557612029
1.118e-05,5.01438153297172e-09,1.41221378564375e-08,0.915748781496164
1.12e-05,5.01533171512838e-09,1.41211922921919e-08,0.915760498467423
1.122e-05,5.01626174158526e-09,1.41202678036195e-08,0.915771985455888
1.124e-05,5.01716454956579e-09,1.41193807449437e-08,0.915783438532948
1.126e-05,5.01804727166692e-09,1.41185076734606e-08,0.915794815794507
1.128e-05,5.01890477260741e-09,1.41176643134187e-08,0.915805492519626
1.13e-05,5.01973641724527e-09,1.41168254480205e-08,0.915815788364998
1.132e-05,5.02054742781489e-09,1.41160043297473e-08,0.915826044438374
1.134e-05,5.02133398539624e-09,1.41152080529594e-08,0.915835868392073
1.136e-05,5.02209734285233e-09,1.4114421366504e-08,0.915845423312148
1.138e-05,5.02283484326684e-09,1.41136998860361e-08,0.915854751527145
1.14e-05,5.02355741244072e-09,1.41130195415685e-08,0.915863715859743
1.142e-05,5.02424881202765e-09,1.41123056109206e-08,0.915872466236774
1.144e-05,5.02491988329666e-09,1.41116005255398e-08,0.915881152756053
1.146e-05,5.02557071220003e-09,1.41109904857567e-08,0.915888900034719
1.148e-05,5.0261983901546e-09,1.41103550089421e-08,0.915896759614033
1.15e-05,5.02680067268094e-09,1.4109723042551e-08,0.915904238073075
1.152e-05,5.02738678101369e-09,1.41091939963561e-08,0.915911779655692
1.154e-05,5.02794454034255e-09,1.41085911104392e-08,0.915918942279145
1.156e-05,5.02848576651008e-09,1.41080520663002e-08,0.915925347523753
1.158e-05,5.02900250681011e-09,1.41075448006272e-08,0.915931938011877
1.16e-05,5.02949547007774e-09,1.41070288836529e-08,0.915938293612369
1.162e-05,5.02996797464572e-09,1.41065791254375e-08,0.915944146070991
1.164e-05,5.03042595200416e-09,1.41061075002106e-08,0.915949845403623
1.166e-05,5.03085380528926e-09,1.41056879523833e-08,0.915955379537111
1.168e-05,5.03126546335462e-09,1.41052946233297e-08,0.91596052169257
1.17e-05,5.03165339099346e-09,1.41048726182565e-08,0.915965394199185
1.172e-05,5.03202293563024e-09,1.4104551443022e-08,0.91597014640664
1.174e-05,5.03236641375599e-09,1.41041550999919e-08,0.915974511311139
1.176e-05,5.03269571012071e-09,1.41038457448461e-08,0.915978452114182
1.178e-05,5.03299974404933e-09,1.41035735389952e-08,0.915982399274925
1.18e-05,5.03328521199053e-09,1.41032303566553e-08,0.915985672301644
1.182e-05,5.03355148756453e-09,1.41029713795709e-08,0.915989316499163
1.184e-05,5.03379391630195e-09,1.41027745963871e-08,0.915992568206276
1.186e-05,5.03402042505328e-09,1.41025504942642e-08,0.915995046896907
1.188e-05,5.03422340453888e-09,1.41023106150888e-08,0.915997593516481
1.19e-05,5.03440807110756e-09,1.41021067700486e-08,0.916000090799888
1.192e-05,5.03457102839419e-09,1.41019600529281e-08,0.916002425182123
1.194e-05,5.03471494466379e-09,1.41018377824835e-08,0.916004190017081
1.196e-05,5.03484047644694e-09,1.41017418883334e-08,0.91600533173583
1.198e-05,5.03494577656247e-09,1.41016323581009e-08,0.916006784890308
1.2e-05,5.03503347623469e-09,1.41015345335988e-08,0.916007920882907
1.202e-05,5.03509746936782e-09,1.41014467057159e-08,0.916008787349515
1.204e-05,5.03514885923387e-09,1.41013883584007e-08,0.916009489778143
1.206e-05,5.03517380047489e-09,1.41013514198947e-08,0.916009887824803
1.208e-05,5.03518336660109e-09,1.4101336614901e-08,0.916009973259368
1.21e-05,5.03517349148754e-09,1.41013514198947e-08,0.916009887824803
1.212e-05,5.03514880851237e-09,1.41013885850913e-08,0.916009698164913
1.214e-05,5.035097816544e-09,1.41014467057159e-08,0.916008913570724
1.216e-05,5.03503370885221e-09,1.41015309639426e-08,0.916008002188537
1.218e-05,5.0349494826273e-09,1.41016299913366e-08,0.916006901281336
1.22e-05,5.03484692693269e-09,1.4101731835009e-08,0.916005737784418
1.222e-05,5.03472708423804e-09,1.4101823565342e-08,0.916004451298713
1.224e-05,5.0345900469701e-09,1.41019482459552e-08,0.916002762165657
1.226e-05,5.0344311395112e-09,1.41020738999077e-08,0.916000764559855
1.228e-05,5.03425605569977e-09,1.41022715931235e-08,0.915998442996903
1.23e-05,5.03406221722859e-09,1.41024998381719e-08,0.915995805941456
1.232e-05,5.0338521026766e-09,1.41027169270235e-08,0.915993611195416
1.234e-05,5.03362637283028e-09,1.4102911971285e-08,0.915990694039119
1.236e-05,5.03337837919647e-09,1.41031456255182e-08,0.915987508996185
1.238e-05,5.03311255988452e-09,1.41034419901993e-08,0.915984414978902
1.24e-05,5.0328322906435e-09,1.41037208338823e-08,0.915980707775482
1.242e-05,5.03253270918408e-09,1.41039761999915e-08,0.915976965196926
1.244e-05,5.03222056707331e-09,1.41043437213711e-08,0.915973133698803
1.246e-05,5.03188771963869e-09,1.41046653484644e-08,0.915968832675701
1.248e-05,5.03153885068389e-09,1.41049998362231e-08,0.915964387757782
1.25e-05,5.03117233152081e-09,1.41053995500303e-08,0.915959976124589
1.252e-05,5.03078971032115e-09,1.41057606962596e-08,0.915955177197944
1.254e-05,5.03038667231538e-09,1.410614099585e-08,0.915950128363693
1.256e-05,5.02996843293541e-09,1.41065806919364e-08,0.915945047610632
1.258e-05,5.02953713492987e-09,1.41069973906767e-08,0.915939595051521
1.26e-05,5.02908910491286e-09,1.41074741319967e-08,0.915933777825224
1.262e-05,5.02862127003121e-09,1.41079099483731e-08,0.915928236731156
1.264e-05,5.02814089532448e-09,1.41084197023545e-08,0.915922017848448
1.266e-05,5.02763673720293e-09,1.41088920657802e-08,0.915915787848589
1.268e-05,5.02712535514504e-09,1.4109421099609e-08,0.915909418692985
1.27e-05,5.02659239546571e-09,1.41099540032855e-08,0.915902709388799
1.272e-05,5.02604522690674e-09,1.41104943088346e-08,0.915895852429745
1.274e-05,5.0254836957975e-09,1.41110910240977e-08,0.915888804273751
1.276e-05,5.0249025684998e-09,1.41116156157074e-08,0.915881586050251
1.278e-05,5.02431128890362e-09,1.4112242585469e-08,0.915874313655978
1.28e-05,5.02369897013938e-09,1.41128571927326e-08,0.915866270778172
1.282e-05,5.02307510981667e-09,1.41134590001749e-08,0.915858605947367
1.284e-05,5.02243330561251e-09,1.41141328349033e-08,0.915850630569423
1.286e-05,5.02177588549737e-09,1.41147719756628e-08,0.915842489264655
1.288e-05,5.02110703980931e-09,1.41154076041068e-08,0.915834247144071
1.29e-05,5.02042191321987e-09,1.41161263107371e-08,0.91582569321959
1.292e-05,5.01971711190924e-09,1.41168482956159e-08,0.915816916029168
1.294e-05,5.01899927669538e-09,1.41175652120342e-08,0.915808064512672
1.296e-05,5.01826969508081e-09,1.4118247404632e-08,0.915798766681718
1.298e-05,5.01752316053062e-09,1.4119024493041e-08,0.915789091789706
1.3e-05,5.01675937432001e-09,1.41197922609084e-08,0.915779709136707
1.302e-05,5.01598353269989e-09,1.41206043231625e-08,0.915770166777158
1.304e-05,5.01519286338282e-09,1.41213475132895e-08,0.915760304969384
1.306e-05,5.01438482273048e-09,1.41221343936972e-08,0.915750127943813
1.308e-05,5.01356885510453e-09,1.41229796638851e-08,0.915740027566215
1.31e-05,5.01273373589267e-09,1.41238046178892e-08,0.91572964168007
1.312e-05,5.01188570898918e-09,1.41246456463267e-08,0.915718967276966
1.314e-05,5.01102241499904e-09,1.41255038365902e-08,0.915708093710059
1.316e-05,5.01014248825486e-09,1.41264134136586e-08,0.915697049848828
1.318e-05,5.00925451675493e-09,1.41273277104322e-08,0.915685830758707
1.32e-05,5.00834512682642e-09,1.4128228968424e-08,0.915674730515883
1.322e-05,5.00742562596155e-09,1.412914173231e-08,0.915663396951672
1.324e-05,5.00649390827687e-09,1.41300768631897e-08,0.91565187801608
1.326e-05,5.00554500225216e-09,1.41310238843944e-08,0.915640004051289
1.328e-05,5.0045869422643e-09,1.41319807356237e-08,0.915627651754849
1.33e-05,5.00361800029529e-09,1.41329586304062e-08,0.915615701416808
1.332e-05,5.00262428630549e-09,1.41339413620986e-08,0.91560333133262
1.334e-05,5.00162744713104e-09,1.41349227281909e-08,0.915590729830364
1.336e-05,5.00061193116638e-09,1.41359256043736e-08,0.915578214130614
1.338e-05,4.99958255980991e-09,1.413693172813e-08,0.915565727571771
1.34e-05,4.99854197764189e-09,1.41379775962341e-08,0.915552146460313
1.342e-05,4.99748903049317e-09,1.41390222560489e-08,0.915539403930628
1.344e-05,4.99642050770166e-09,1.41401083036667e-08,0.915526305839895
1.346e-05,4.99534084571026e-09,1.41412079174e-08,0.9155123184029
1.348e-05,4.99424641350815e-09,1.41423242556398e-08,0.915499016195132
1.35e-05,4.99313860394226e-09,1.4143429296957e-08,0.915485196175009
1.352e-05,4.99202197612417e-09,1.41445291053865e-08,0.915471070537619
1.354e-05,4.99088696155892e-09,1.41456470816228e-08,0.915456914774062
1.356e-05,4.98974432643076e-09,1.41467878124965e-08,0.915442657540589
1.358e-05,4.98858576380809e-09,1.41479517395444e-08,0.91542830432527
1.36e-05,4.98741748823563e-09,1.41491461588754e-08,0.915413699638258
1.362e-05,4.98623532944326e-09,1.41503130416254e-08,0.915399316160248
1.364e-05,4.98503653179156e-09,1.41514934399495e-08,0.915383984972127
1.366e-05,4.98383477094117e-09,1.41527112621752e-08,0.915369551753274
1.368e-05,4.98261657334166e-09,1.41539564097951e-08,0.915353887951912
1.37e-05,4.98137964351149e-09,1.41551676816302e-08,0.915338723233358
1.372e-05,4.98013691315996e-09,1.41564187680011e-08,0.915323342016111
1.374e-05,4.97888122498236e-09,1.41576593642228e-08,0.91530771572508
1.376e-05,4.97761277475051e-09,1.41589315200526e-08,0.915291508925125
1.378e-05,4.97633288971392e-09,1.41602234417281e-08,0.915275894901103
1.38e-05,4.97504032365337e-09,1.41615042760841e-08,0.91525973121617
1.382e-05,4.97373820662882e-09,1.41627977574754e-08,0.915243426424309
1.384e-05,4.97242364663788e-09,1.41641240455437e-08,0.915227327916006
1.386e-05,4.97109699655867e-09,1.4165491956771e-08,0.915210677732526
1.388e-05,4.96975464212509e-09,1.41667634861682e-08,0.915194067707389
1.39e-05,4.96840455810129e-09,1.41681336652198e-08,0.915177642219847
1.392e-05,4.96704512451064e-09,1.41695002475612e-08,0.915160308629552
1.394e-05,4.96566959336313e-09,1.41708667531824e-08,0.915143475431666
1.396e-05,4.96428858124705e-09,1.41722738677216e-08,0.915125974165677
1.398e-05,4.9628917236643e-09,1.41736439166496e-08,0.915109045254787
1.4e-05,4.96148373798004e-09,1.4175081906885e-08,0.915091692010232
1.402e-05,4.96006659284708e-09,1.41764633003381e-08,0.915073795807512
1.404e-05,4.95863649943112e-09,1.41779332331269e-08,0.915055797373961
1.406e-05,4.95719579677226e-09,1.41793215959121e-08,0.915038205413089
1.408e-05,4.95574532125179e-09,1.41808292965335e-08,0.915020424088362
1.41e-05,4.95428199874025e-09,1.41822462175505e-08,0.91500226573732
1.412e-05,4.95281279624202e-09,1.41837504881011e-08,0.914983817292949
1.414e-05,4.95132626496259e-09,1.41852124118808e-08,0.914965288913962
1.416e-05,4.94982967691512e-09,1.41867235193962e-08,0.914946950847658
1.418e-05,4.94832263362762e-09,1.41882131847495e-08,0.914928517780037
1.42e-05,4.94681071022685e-09,1.41897223335853e-08,0.914909714815633
1.422e-05,4.94528128764479e-09,1.41912631806624e-08,0.914890866278251
1.424e-05,4.94374052228215e-09,1.41927987780431e-08,0.914871822976495
1.426e-05,4.9421984861266e-09,1.41943530830632e-08,0.91485252223714
1.428e-05,4.94063557885617e-09,1.41959088949979e-08,0.914833014398819
1.43e-05,4.93906895059853e-09,1.41974845488804e-08,0.914813557501455
1.432e-05,4.93749246557471e-09,1.41990679125719e-08,0.914794121579199
1.434e-05,4.93590346509107e-09,1.42006414697985e-08,0.914774533657889
1.436e-05,4.93430145299492e-09,1.42022434205352e-08,0.914754928982052
1.438e-05,4.93269221523675e-09,1.42038600731971e-08,0.914735048967008
1.44e-05,4.93107185540057e-09,1.42054599855753e-08,0.914714675458685
1.442e-05,4.92944322392042e-09,1.42071030595355e-08,0.914694552509372
1.444e-05,4.92780510398792e-09,1.42087602867483e-08,0.914674552684104
1.446e-05,4.92615495437677e-09,1.42104009399215e-08,0.914654040258953
1.448e-05,4.92449497748553e-09,1.42120234834118e-08,0.914633463262633
1.45e-05,4.92282507858835e-09,1.42137065377436e-08,0.914612742706043
1.452e-05,4.92114684754609e-09,1.42154007067106e-08,0.91459246316993
1.454e-05,4.91946076767152e-09,1.42170912824983e-08,0.914571505659302
1.456e-05,4.91776280787112e-09,1.42187826311089e-08,0.914550721424198
1.458e-05,4.91605458378476e-09,1.42204884880574e-08,0.914529479768753
1.46e-05,4.91433770426338e-09,1.4222213813034e-08,0.914508470142704
1.462e-05,4.9126126544693e-09,1.42239372869105e-08,0.914486901518208
1.464e-05,4.91087409466979e-09,1.42256852424589e-08,0.914465578583427
1.466e-05,4.90912808426372e-09,1.42274298175493e-08,0.914444105719285
1.468e-05,4.90737359788629e-09,1.42291550008778e-08,0.914422492336548
1.47e-05,4.90560757229907e-09,1.42309424248327e-08,0.914400817203546
1.472e-05,4.90383763233522e-09,1.42326987438402e-08,0.914378926123173
1.474e-05,4.90205717979302e-09,1.4234492026678e-08,0.914357077394486
1.476e-05,4.90026490929536e-09,1.4236243909588e-08,0.914335207690802
1.478e-05,4.89846109727679e-09,1.42380855599804e-08,0.914312674089016
1.48e-05,4.89665446151648e-09,1.42399253204031e-08,0.9142903909921
1.482e-05,4.8948349528726e-09,1.42417345736149e-08,0.914268540868896
1.484e-05,4.89300502426955e-09,1.42435379524304e-08,0.91424599699882
1.486e-05,4.89117231296263e-09,1.42453724035221e-08,0.914223319997531
1.488e-05,4.8893285058952e-09,1.42472106862603e-08,0.914200835553255
1.49e-05,4.88747532791483e-09,1.4249073949389e-08,0.914177730467812
1.492e-05,4.88561159087653e-09,1.42509407247504e-08,0.914155134638496
1.494e-05,4.88374024308433e-09,1.42528187418684e-08,0.914131816122146
1.496e-05,4.8818595651769e-09,1.42547024976967e-08,0.914108847409855
1.498e-05,4.87997234727947e-09,1.4256582307885e-08,0.914085724684217
1.5e-05,4.87807304998004e-09,1.42584702042422e-08,0.914062477103861
1.502e-05,4.8761713981685e-09,1.42603739012083e-08,0.914039365850096
1.504e-05,4.87426059098254e-09,1.42622907410412e-08,0.914015629443554
1.506e-05,4.87233450013852e-09,1.42641926197513e-08,0.913991877837368
1.508e-05,4.87040621598755e-09,1.42661584141963e-08,0.913968409498301
1.51e-05,4.86846814579875e-09,1.42680856378884e-08,0.913944651076367
1.512e-05,4.86652230121441e-09,1.42700280995808e-08,0.913920761480222
1.514e-05,4.86456493404852e-09,1.42719655377634e-08,0.913896991883241
1.516e-05,4.86260523781803e-09,1.42739249891521e-08,0.913872842959596
1.518e-05,4.86063206973016e-09,1.42759026157532e-08,0.913848883671521
1.52e-05,4.85865392388936e-09,1.42778799228965e-08,0.913824642398644
1.522e-05,4.8566663535703e-09,1.42798918996967e-08,0.913799940309955
1.524e-05,4.85467140328467e-09,1.42818926757775e-08,0.913775908708842
1.526e-05,4.85266484283999e-09,1.42838702746702e-08,0.913751242302796
1.528e-05,4.85065870369121e-09,1.42858895229099e-08,0.913726952149629
1.53e-05,4.84863940812829e-09,1.4287903285301e-08,0.91370235589755
1.532e-05,4.84661600313089e-09,1.42899505619699e-08,0.913677372980065
1.534e-05,4.84458366795124e-09,1.42919425012793e-08,0.913652683726707
1.536e-05,4.84254018550431e-09,1.42940294570137e-08,0.913627534383844
1.538e-05,4.8404923214934e-09,1.42960581803505e-08,0.913602408403922
1.54e-05,4.8384293660818e-09,1.42980947237021e-08,0.913577758099557
1.542e-05,4.83637100982049e-09,1.43001918375257e-08,0.913552429988236
1.544e-05,4.83430006668779e-09,1.43022432349521e-08,0.913527330872536
1.546e-05,4.8322198943085e-09,1.43043254933892e-08,0.913501767279095
1.548e-05,4.8301344343553e-09,1.43064059822979e-08,0.913476460071672
1.55e-05,4.82803972757223e-09,1.43085069607387e-08,0.913450855561459
1.552e-05,4.82593737667116e-09,1.43106113877949e-08,0.9134253754322
1.554e-05,4.82382776817836e-09,1.43127133401767e-08,0.913399578496889
1.556e-05,4.82171308331053e-09,1.43148090952252e-08,0.913373867897508
1.558e-05,4.81959217276621e-09,1.43169620064109e-08,0.913347924012368
1.56e-05,4.81746265711085e-09,1.43190818594371e-08,0.913322486754878
1.562e-05,4.81532835089852e-09,1.43212451011853e-08,0.913296356733066
1.564e-05,4.81318224791727e-09,1.43233475868261e-08,0.913269912985985
1.566e-05,4.81103117685385e-09,1.43255018325351e-08,0.913243917150073
1.568e-05,4.80887524977863e-09,1.4327674001143e-08,0.913217811023607
1.57e-05,4.80671051274869e-09,1.43298452420581e-08,0.913191638669811
1.572e-05,4.80453619734143e-09,1.43320055858364e-08,0.913165187347154
1.574e-05,4.80236196710219e-09,1.43341746753798e-08,0.913138701121761
1.576e-05,4.80017640647635e-09,1.43363913711906e-08,0.913112280960851
1.578e-05,4.79798137680214e-09,1.43385587003475e-08,0.913085581042786
1.58e-05,4.79578573372118e-09,1.43407458254211e-08,0.913058788320367
1.582e-05,4.79357510948298e-09,1.43429818810112e-08,0.913032408749519
1.584e-05,4.79137000728073e-09,1.4345198171037e-08,0.913005446707358
1.586e-05,4.7891482516015e-09,1.4347371723038e-08,0.912978114821291
1.588e-05,4.78692194365452e-09,1.43496402322371e-08,0.912951816709483
1.59e-05,4.78469192638942e-09,1.43518572858515e-08,0.912924424671183
1.592e-05,4.7824521632122e-09,1.43540701784419e-08,0.91289760703146
1.594e-05,4.78020731175159e-09,1.43563475478455e-08,0.912870378925325
1.596e-05,4.77795806404802e-09,1.43585806346142e-08,0.912843171193076
1.598e-05,4.77569850515552e-09,1.43608469859414e-08,0.912815711870883
1.6e-05,4.7734363400492e-09,1.43631253848076e-08,0.912788380330493
1.602e-05,4.7711678604409e-09,1.43653556403186e-08,0.912760846280919
1.604e-05,4.76888953445734e-09,1.43676520725078e-08,0.912733222930729
1.606e-05,4.76660797427526e-09,1.43699395822221e-08,0.91270566253282
1.608e-05,4.76432080630223e-09,1.43722454409362e-08,0.912678228039483
1.61e-05,4.76202488531928e-09,1.43745341475542e-08,0.912650674724217
1.612e-05,4.75972723477446e-09,1.4376791975799e-08,0.912622971993015
1.614e-05,4.75741978678348e-09,1.4379142014004e-08,0.912595044151687
1.616e-05,4.7551051415746e-09,1.43814494072503e-08,0.912567067444419
1.618e-05,4.75278882912706e-09,1.43837378265453e-08,0.912539235603806
1.62e-05,4.75046182212255e-09,1.43860594081594e-08,0.912511467095669
1.622e-05,4.74812919973531e-09,1.43884118557254e-08,0.912483179434257
1.624e-05,4.74579831504411e-09,1.43907348914274e-08,0.912455018913423
1.626e-05,4.7434524453576e-09,1.43931025874221e-08,0.912426956471586
1.628e-05,4.74110702516303e-09,1.43954375204394e-08,0.912398399910076
1.63e-05,4.73875571492423e-09,1.43977927485145e-08,0.912370360285177
1.632e-05,4.73639342320568e-09,1.44001520826008e-08,0.912341850575426
1.634e-05,4.73402839133278e-09,1.44025205674394e-08,0.912313193313909
1.636e-05,4.73165704304979e-09,1.44048735348636e-08,0.912284716514617
1.638e-05,4.72927989576755e-09,1.44072733767081e-08,0.912256699383541
1.64e-05,4.72690063396075e-09,1.44096466917861e-08,0.912227986870369
1.642e-05,4.72451094798021e-09,1.44120259745818e-08,0.912199292852668
1.644e-05,4.72211817910233e-09,1.44144476077328e-08,0.912170482214921
1.646e-05,4.71972070432081e-09,1.44168192363123e-08,0.912141433598424
1.648e-05,4.71731697930433e-09,1.44192248066022e-08,0.912112742505492
1.65e-05,4.7149060613844e-09,1.44216288042467e-08,0.912083803327827
1.652e-05,4.71249501633167e-09,1.44240558693089e-08,0.912054928640035
1.654e-05,4.71007414142436e-09,1.44264676121483e-08,0.912025671945489
1.656e-05,4.70764888322884e-09,1.44288968975653e-08,0.911996573255097
1.658e-05,4.70522002951738e-09,1.44313116351881e-08,0.91196758393696
1.66e-05,4.7027826063319e-09,1.44337473161534e-08,0.911938467210341
1.662e-05,4.70034191163047e-09,1.443618428378e-08,0.911909460656418
1.664e-05,4.6978970303446e-09,1.44386533806696e-08,0.911879794093348
1.666e-05,4.69544374550609e-09,1.44410940396177e-08,0.911850760186778
1.668e-05,4.6929891604113e-09,1.444354804341e-08,0.911821431270186
1.67e-05,4.69052656849382e-09,1.44460160607716e-08,0.911791910503832
1.672e-05,4.68806108913646e-09,1.44484649837802e-08,0.911762338531096
1.674e-05,4.68559358935749e-09,1.44509750695752e-08,0.911732853058432
1.676e-05,4.68311520423513e-09,1.44534321754022e-08,0.911703281394654
1.678e-05,4.6806364005831e-09,1.44559128578579e-08,0.911673689726786
1.68e-05,4.67815019566449e-09,1.4458399299e-08,0.911644154270781
1.682e-05,4.67565519012831e-09,1.44608693783684e-08,0.911614504734503
1.684e-05,4.67316167428777e-09,1.44634016320655e-08,0.911584857363652
1.686e-05,4.67066269477307e-09,1.44658828051589e-08,0.911554833460573
1.688e-05,4.66815791957624e-09,1.44683731360948e-08,0.911525083203475
1.69e-05,4.66564881038645e-09,1.44709218376549e-08,0.911495358041447
1.692e-05,4.66313386911603e-09,1.44733923005892e-08,0.911465469005058
1.694e-05,4.66061572408229e-09,1.4475937448852e-08,0.911435327583432
1.696e-05,4.65809145862657e-09,1.4478481011467e-08,0.911404983381628
1.698e-05,4.65556586460419e-09,1.44809815657167e-08,0.911375052605227
1.7e-05,4.65302999262916e-09,1.44835124424679e-08,0.911345321342967
1.702e-05,4.65049253769025e-09,1.44860626738964e-08,0.911315217407664
1.704e-05,4.64794911337247e-09,1.44885929555286e-08,0.911284806788417
1.706e-05,4.64540454929366e-09,1.44911452953469e-08,0.911254662230632
1.708e-05,4.64285375836159e-09,1.44936967643325e-08,0.911224325212233
1.71e-05,4.64029899335774e-09,1.44962713464332e-08,0.911194197832114
1.712e-05,4.63774294025126e-09,1.44988070383442e-08,0.91116358641667
1.714e-05,4.63517184125929e-09,1.45013446627733e-08,0.91113325169282
1.716e-05,4.63260901231794e-09,1.45039623757792e-08,0.911102735713252
1.718e-05,4.63003236918974e-09,1.45065069805981e-08,0.911071989470669
1.72e-05,4.62745735889987e-09,1.45090876654844e-08,0.911041527473628
1.722e-05,4.62487627884891e-09,1.45116696113197e-08,0.911011132102048
1.724e-05,4.62229312472707e-09,1.45142310441535e-08,0.910980236155901
1.726e-05,4.61970051321671e-09,1.45168339856733e-08,0.910949531289012
1.728e-05,4.6171083095117e-09,1.45194672708652e-08,0.910919325158097
1.73e-05,4.61451113584024e-09,1.45220603372312e-08,0.910888669125549
1.732e-05,4.6119121472187e-09,1.45246017689161e-08,0.910857777314181
1.734e-05,4.60930405326524e-09,1.45272276961927e-08,0.910826999276134
1.736e-05,4.60669390355432e-09,1.45298356495619e-08,0.910796320289129
1.738e-05,4.60407863649817e-09,1.45324978603853e-08,0.910765144823
1.74e-05,4.60146351507049e-09,1.45350727229362e-08,0.910734221638851
1.742e-05,4.59884226188482e-09,1.45376677118411e-08,0.910703385620007
1.744e-05,4.59621644515702e-09,1.4540301068914e-08,0.910672244475845
1.746e-05,4.59358943265129e-09,1.45429733866502e-08,0.91064161293199
1.748e-05,4.590953891913e-09,1.45456044283584e-08,0.910610442240447
1.75e-05,4.5883172137034e-09,1.4548216951565e-08,0.910579387587372
1.752e-05,4.58567758521061e-09,1.45508540659989e-08,0.910548401983235
1.754e-05,4.58303294372485e-09,1.45535073793707e-08,0.910517070055823
1.756e-05,4.5803838717906e-09,1.45561698185303e-08,0.910485880702822
1.758e-05,4.57773041505852e-09,1.45587969936323e-08,0.910454645894695
1.76e-05,4.57507794726224e-09,1.45614832084295e-08,0.910423638627347
1.762e-05,4.57241728184457e-09,1.45641213823952e-08,0.910392157648986
1.764e-05,4.56975490101739e-09,1.4566814111218e-08,0.910360549397251
1.766e-05,4.56709000276297e-09,1.45694360616777e-08,0.910329598874097
1.768e-05,4.56441741655431e-09,1.457210290999e-08,0.910298104670229
1.77e-05,4.56174430081246e-09,1.45747914999406e-08,0.910266597510684
1.772e-05,4.55906657498493e-09,1.45775223831731e-08,0.910235548924678
1.774e-05,4.55638558744754e-09,1.45801549430924e-08,0.91020420854699
1.776e-05,4.55370479630809e-09,1.45828345963594e-08,0.910172563747705
1.778e-05,4.55101649337144e-09,1.45855122297452e-08,0.910140993590883
1.78e-05,4.5483278351529e-09,1.45882289136648e-08,0.91010942420872
1.782e-05,4.54563293166728e-09,1.4590921486761e-08,0.910077968895155
1.784e-05,4.54293363220142e-09,1.45936015457674e-08,0.910046203243482
1.786e-05,4.54023336377059e-09,1.45962986765326e-08,0.91001478803378
1.788e-05,4.53752869844563e-09,1.45990013710337e-08,0.909983387918339
1.79e-05,4.53482054486241e-09,1.46017427211455e-08,0.909951358681858
1.792e-05,4.53211046708685e-09,1.46044588674955e-08,0.909919846871156
1.794e-05,4.52939877008091e-09,1.46071518389333e-08,0.909887923795932
1.796e-05,4.52667936660235e-09,1.46098618800158e-08,0.909855892349616
1.798e-05,4.52396453757472e-09,1.46125711112477e-08,0.909824479356481
1.8e-05,4.52123798897906e-09,1.46152703257869e-08,0.909792717909372
1.802e-05,4.51850977219481e-09,1.46180203574393e-08,0.909760795890283
1.804e-05,4.51578215484512e-09,1.46207606552806e-08,0.909729160267484
1.806e-05,4.5130481384948e-09,1.46234943034503e-08,0.909697484009613
1.808e-05,4.51031277274204e-09,1.46262335859372e-08,0.909665060307782
1.81e-05,4.50757166964108e-09,1.46289810099633e-08,0.909633385704727
1.812e-05,4.5048339627189e-09,1.46317011127527e-08,0.909601363752472
1.814e-05,4.50208932958388e-09,1.46344575996626e-08,0.909569177174234
1.816e-05,4.49934361242849e-09,1.46372032126488e-08,0.909537272694949
1.818e-05,4.4965904956323e-09,1.4639963890236e-08,0.909505371235208
1.82e-05,4.49383990366584e-09,1.46427102639059e-08,0.909473464703435
1.822e-05,4.49108372237717e-09,1.46454783755613e-08,0.909441245052463
1.824e-05,4.48832709959038e-09,1.46482578511568e-08,0.909409141724638
1.826e-05,4.48555992899315e-09,1.46509996508045e-08,0.909377118926418
1.828e-05,4.48279459995211e-09,1.46537439683097e-08,0.909345177589804
1.83e-05,4.48002880071628e-09,1.46565013222282e-08,0.909313173339823
1.832e-05,4.477262083912e-09,1.46592880274995e-08,0.909280562060598
1.834e-05,4.4744900589638e-09,1.46620670343022e-08,0.909248694140202
1.836e-05,4.47171283578680e-09,1.46648509223443e-08,0.909216348432614
1.838e-05,4.46893271437339e-09,1.46676366833101e-08,0.909184491615835
1.84e-05,4.46614968175251e-09,1.46703968791837e-08,0.909152130732831
1.842e-05,4.46336892444058e-09,1.4673183301467e-08,0.909119636736522
1.844e-05,4.46058427390132e-09,1.46759790385108e-08,0.909087516008574
1.846e-05,4.45779602369649e-09,1.46787645917921e-08,0.909055401924162
1.848e-05,4.45500388427924e-09,1.46815812059021e-08,0.909023095078031
1.85e-05,4.45220967335307e-09,1.4684383328904e-08,0.9089906511455
1.852e-05,4.4494137027932e-09,1.46871647197515e-08,0.908958436255739
1.854e-05,4.4466137180229e-09,1.46899522644221e-08,0.908925643239471
1.856e-05,4.44381306359912e-09,1.46927344135561e-08,0.90889362913004
1.858e-05,4.44101221553469e-09,1.4695534452389e-08,0.908861425894558
1.86e-05,4.43820227811119e-09,1.4698349611766e-08,0.908828839950999
1.862e-05,4.435397046226e-09,1.47011518165825e-08,0.90879636331151
1.864e-05,4.43258773139115e-09,1.47039681145654e-08,0.908764015280432
1.866e-05,4.42977199598698e-09,1.4706762045666e-08,0.908731684529799
1.868e-05,4.42695774032293e-09,1.47095831639557e-08,0.908699062279467
1.87e-05,4.42414047460862e-09,1.47124034470013e-08,0.90866693336565
1.872e-05,4.42131991729142e-09,1.47152118981124e-08,0.908634018620956
1.874e-05,4.41849426455392e-09,1.47180595995508e-08,0.908601957820971
1.876e-05,4.41567072856161e-09,1.47208583020792e-08,0.908568965932389
1.878e-05,4.41284491325164e-09,1.47237028416402e-08,0.908536713539564
1.88e-05,4.41001347347275e-09,1.47265198488548e-08,0.908504144705423
1.882e-05,4.40718389763384e-09,1.47293376044097e-08,0.908471475566013
1.884e-05,4.40435079338005e-09,1.47321759561729e-08,0.908439234901396
1.886e-05,4.40151619592125e-09,1.47350379841547e-08,0.908406842883387
1.888e-05,4.39867835778596e-09,1.47378659347278e-08,0.908373877583795
1.89e-05,4.39584157528668e-09,1.47407091298035e-08,0.908341207774314
1.892e-05,4.39299665590732e-09,1.47435704050342e-08,0.908308997741426
1.894e-05,4.39015400597991e-09,1.47464260885276e-08,0.908275975399125
1.896e-05,4.38730951348573e-09,1.47492721424777e-08,0.908243644882896
1.898e-05,4.38446019492437e-09,1.47521012593491e-08,0.90821067002301
1.9e-05,4.38160971750693e-09,1.47549349998664e-08,0.908178305243438
1.902e-05,4.37875976849481e-09,1.47577873981758e-08,0.908145386369591
1.904e-05,4.37590831644909e-09,1.47606633340214e-08,0.908113194897323
1.906e-05,4.37305045401219e-09,1.4763504618537e-08,0.908080468651533
1.908e-05,4.37019136123345e-09,1.4766350048368e-08,0.908047551985849
1.91e-05,4.36733263701644e-09,1.47691994450021e-08,0.908014597392235
1.912e-05,4.36447146603709e-09,1.47720886600936e-08,0.907982443613331
1.914e-05,4.36161068265005e-09,1.47749479550976e-08,0.907949480762595
1.916e-05,4.35874593837369e-09,1.47778053247573e-08,0.907917003314523
1.918e-05,4.35587574713518e-09,1.4780679238705e-08,0.907884179255922
1.92e-05,4.35300617824762e-09,1.47835539388582e-08,0.907851291455473
1.922e-05,4.35013658805342e-09,1.47863849766159e-08,0.90781847898769
1.924e-05,4.34726690623229e-09,1.47892659489769e-08,0.907785648498956
1.926e-05,4.34439641441608e-09,1.47921383797802e-08,0.907752936876551
1.928e-05,4.34151995791488e-09,1.47950313739625e-08,0.907720590241646
1.93e-05,4.33864342969866e-09,1.47979057965998e-08,0.907687474666522
1.932e-05,4.33576497227111e-09,1.48007793966158e-08,0.90765480201528
1.934e-05,4.33288534997623e-09,1.48036850270463e-08,0.907621985610799
1.936e-05,4.33000388808347e-09,1.48065798855793e-08,0.907589273021449
1.938e-05,4.32711621084658e-09,1.48094328136575e-08,0.907556489311219
1.94e-05,4.32423112734459e-09,1.4812298508158e-08,0.907523828287472
1.942e-05,4.3213437885248e-09,1.48151958676523e-08,0.90749080669383
1.944e-05,4.318456666563e-09,1.48180666062116e-08,0.907458108495663
1.946e-05,4.31556854773114e-09,1.48209820652192e-08,0.907425193460786
1.948e-05,4.31267909073438e-09,1.48238791943989e-08,0.90739232381728
1.95e-05,4.30978355283286e-09,1.48267545166791e-08,0.907359494528036
1.952e-05,4.30689103680985e-09,1.48296491818229e-08,0.907326397466261
1.954e-05,4.30399234663523e-09,1.48325453181332e-08,0.907294002387739
1.956e-05,4.30109746669869e-09,1.48354522358826e-08,0.907261164236628
1.958e-05,4.29819992735758e-09,1.48383515297377e-08,0.90722820480431
1.96e-05,4.2953005129432e-09,1.48412391920249e-08,0.9071954278808
1.962e-05,4.2923972814875e-09,1.48441481801338e-08,0.90716280699012
1.964e-05,4.28949414893482e-09,1.48470435823694e-08,0.907129732543573
1.966e-05,4.28659356608675e-09,1.48499502045741e-08,0.907097124740534
1.968e-05,4.28368464799315e-09,1.4852840078352e-08,0.907064040286739
1.97e-05,4.2807774014885e-09,1.48557368733879e-08,0.907031171314035
1.972e-05,4.27786987342078e-09,1.48586750879458e-08,0.906998635425746
1.974e-05,4.27496250596047e-09,1.48615776273957e-08,0.906965363928402
1.976e-05,4.27205286110882e-09,1.48645000770008e-08,0.906932615093472
1.978e-05,4.2691409779204e-09,1.48674135301354e-08,0.906899809014019
1.98e-05,4.26622585995324e-09,1.48703287814941e-08,0.906867017554274
1.982e-05,4.26331324419604e-09,1.48732310743684e-08,0.906834166167713
1.984e-05,4.26039949112409e-09,1.48761306616804e-08,0.906801153880952
1.986e-05,4.25748381887344e-09,1.48790387943388e-08,0.906768475868834
1.988e-05,4.25456583504341e-09,1.48819655782362e-08,0.906735644040259
1.99e-05,4.25164682322611e-09,1.48849103083036e-08,0.906702828027337
1.992e-05,4.24872530637565e-09,1.48878329143437e-08,0.906669843985245
1.994e-05,4.24580713339774e-09,1.48907528618306e-08,0.906637307688708
1.996e-05,4.24288306197769e-09,1.4893673057541e-08,0.906604319811303
1.998e-05,4.23995990128602e-09,1.48966033736544e-08,0.906571203099538
2e-05,4.23703615805731e-09,1.48995121107091e-08,0.906538427442558
2.1e-05,4.08986413928709e-09,1.50466687177835e-08,0.904901989990979
2.2e-05,3.94199672196765e-09,1.51945653708618e-08,0.903289547857167
2.3e-05,3.79496060617018e-09,1.53415851458169e-08,0.901717098194542
2.4e-05,3.64997631782403e-09,1.54865990612312e-08,0.900195983399409
2.5e-05,3.50799507030355e-09,1.5628557281564e-08,0.898733816829417
2.6e-05,3.36974421493316e-09,1.57668087046461e-08,0.897335586516096
2.7e-05,3.23576925568741e-09,1.59007876763197e-08,0.896003781030904
2.8e-05,3.10645033457863e-09,1.60300758789989e-08,0.894739567915702
2.9e-05,2.98205024668249e-09,1.61544868062655e-08,0.89354222305428
3e-05,2.86272230995103e-09,1.62738078197494e-08,0.892411386289327
3.1e-05,2.74853845398958e-09,1.6388001934633e-08,0.891344430607078
3.2e-05,2.6394868377052e-09,1.64970559236844e-08,0.890339633316124
3.3e-05,2.53552036434339e-09,1.66010295538764e-08,0.889393676974533
3.4e-05,2.43653720961315e-09,1.66999964180506e-08,0.888504016460701
3.5e-05,2.34241606294006e-09,1.67941417056918e-08,0.88766788402208
3.6e-05,2.25299993479554e-09,1.68835259527316e-08,0.88688245258439
3.7e-05,2.16812135992899e-09,1.69684586858892e-08,0.886144316584726
3.8e-05,2.0876040595614e-09,1.70489368894814e-08,0.885450926632931
3.9e-05,2.0112551448628e-09,1.71252731274169e-08,0.884799968560522
4e-05,1.9388911768591e-09,1.7197637897965e-08,0.884187560052665
4.1e-05,1.87032267520064e-09,1.72662221504455e-08,0.883612581383563
4.2e-05,1.8053615728167e-09,1.7331178905013e-08,0.883071537009012
4.3e-05,1.74382665182854e-09,1.73927343158616e-08,0.882563073181934
4.4e-05,1.68553513450996e-09,1.74510380327781e-08,0.882084708465717
4.5e-05,1.63031869593791e-09,1.75061980698865e-08,0.881634672615253
4.6e-05,1.57801165199879e-09,1.75585137416314e-08,0.881210939904531
4.7e-05,1.52845520818076e-09,1.76080946125478e-08,0.880811429706512
4.8e-05,1.48150303394204e-09,1.76550709281127e-08,0.880435183839401
4.9e-05,1.43700321900082e-09,1.76995430769016e-08,0.88008102846607
5e-05,1.39482604902156e-09,1.7741723190578e-08,0.87974607282417
5.1e-05,1.35483739038606e-09,1.77816989074033e-08,0.879430349512576
5.2e-05,1.31691872858936e-09,1.78196183942145e-08,0.879132644190356
5.3e-05,1.28095139372482e-09,1.78555979452767e-08,0.878851240979783
5.4e-05,1.24683597312783e-09,1.78897119165982e-08,0.878585093257685
5.5e-05,1.21445695970697e-09,1.79220809224129e-08,0.878333810398103
5.6e-05,1.18372815339895e-09,1.79528384247089e-08,0.878095862900711
5.7e-05,1.15455219412596e-09,1.79819937713825e-08,0.877870723044085
5.8e-05,1.1268489743913e-09,1.80097071321135e-08,0.877657730808278
5.9e-05,1.10053815819703e-09,1.80360236642141e-08,0.877456160049261
6e-05,1.07553980746057e-09,1.80610008855545e-08,0.877264695288397
6.1e-05,1.05179071420987e-09,1.80847788929963e-08,0.877083902661196
6.2e-05,1.02922178395817e-09,1.81073527766647e-08,0.876912044707286
6.3e-05,1.00776686409621e-09,1.81287883159561e-08,0.87674958643615
6.4e-05,9.87372055758227e-10,1.81491413630842e-08,0.876594789385244
6.5e-05,9.67982249079743e-10,1.81685842802008e-08,0.876448513738983
6.6e-05,9.49543300111029e-10,1.81870031433574e-08,0.876309779223943
6.7e-05,9.32011697519734e-10,1.82045378363007e-08,0.876177913092145
6.8e-05,9.15336491908324e-10,1.82211850025784e-08,0.876052733683087
6.9e-05,8.9947932692893e-10,1.82370578585751e-08,0.875933578327359
7e-05,8.84398062122732e-10,1.8252161675646e-08,0.875820671363022
7.1e-05,8.70055586070047e-10,1.82664762208251e-08,0.875714109497096
7.2e-05,8.56416943675626e-10,1.82801229563395e-08,0.875612325013713
7.3e-05,8.43449470614989e-10,1.82931073697444e-08,0.875515909589507
7.4e-05,8.31121277762575e-10,1.83054081678444e-08,0.875424005623612
7.5e-05,8.19402779585409e-10,1.83171623335443e-08,0.87533708015732
7.6e-05,8.08267545120995e-10,1.83282496630059e-08,0.875254536387777
7.7e-05,7.97688674848984e-10,1.83388703588092e-08,0.875175902798711
7.8e-05,7.87642105676954e-10,1.83489478675581e-08,0.875101580593855
7.9e-05,7.78105309333114e-10,1.83584240019038e-08,0.8750312452735
8e-05,7.69055679434986e-10,1.83674792874754e-08,0.874964634887765
8.1e-05,7.60473554715095e-10,1.83761125865588e-08,0.874901189295495
8.2e-05,7.52339946760321e-10,1.83842096022542e-08,0.874841190208826
8.3e-05,7.44636504120765e-10,1.83919379488918e-08,0.874784540203501
8.4e-05,7.37345987501218e-10,1.83992013374385e-08,0.874730945514834
8.5e-05,7.30453520359513e-10,1.84061185232681e-08,0.874680118761766
8.6e-05,7.23941977803241e-10,1.84126130700702e-08,0.874632056981311
8.7e-05,7.17799214806786e-10,1.84187331181272e-08,0.874586941752783
8.8e-05,7.12010651984905e-10,1.8424521073062e-08,0.874544683692293
8.9e-05,7.06564331198872e-10,1.84299845500303e-08,0.874504706965069
9e-05,7.01447480068548e-10,1.84350953048141e-08,0.874467348513243
9.1e-05,6.96649737195843e-10,1.84398843441334e-08,0.874432259528937
9.2e-05,6.92160142505786e-10,1.84444078000128e-08,0.87439893845552
9.3e-05,6.87968602468743e-10,1.84485753980982e-08,0.874368391283966
9.4e-05,6.8406631232192e-10,1.84524795190222e-08,0.874340004729875
9.5e-05,6.80442946307514e-10,1.84561115452907e-08,0.874313246839773
9.6e-05,6.77092219748969e-10,1.84594573608031e-08,0.874289120600623
9.7e-05,6.74004429133113e-10,1.84625534585148e-08,0.87426670117503
9.8e-05,6.71173728250192e-10,1.84653520000338e-08,0.874246067843335
9.9e-05,6.6859162337506e-10,1.84679457654512e-08,0.874226853490882
1e-04,6.66252488474801e-10,1.84702802006431e-08,0.874209636179014
